index,key,fare_amount,pickup_datetime,pickup_longitude,pickup_latitude,dropoff_longitude,dropoff_latitude,passenger_count
24238194,52:06.0,7.5,2015-05-07 19:52:06 UTC,-73.9998,40.73835,-73.9995,40.72322,1
27835199,04:56.0,7.7,2009-07-17 20:04:56 UTC,-73.9944,40.72823,-73.9947,40.75033,1
44984355,24-08-2009 21:45,12.9,2009-08-24 21:45:00 UTC,-74.005,40.74077,-73.9626,40.77265,1
25894730,22:21.0,5.3,2009-06-26 08:22:21 UTC,-73.9761,40.79084,-73.9653,40.80335,3
17610152,47:00.0,16,2014-08-28 17:47:00 UTC,-73.925,40.74409,-73.9731,40.76125,5
44470845,27:09.0,4.9,2011-02-12 02:27:09 UTC,-73.969,40.75591,-73.969,40.75591,1
48725865,04:00.0,24.5,2014-10-12 07:04:00 UTC,-73.9614,40.69397,-73.8712,40.7743,5
44195482,52:00.0,2.5,2012-12-11 13:52:00 UTC,0,0,0,0,1
15822268,32:00.0,9.7,2012-02-17 09:32:00 UTC,-73.9752,40.74577,-74.0027,40.74354,1
50611056,06:00.0,12.5,2012-03-29 19:06:00 UTC,-74.0011,40.74179,-73.963,40.77501,1
2205147,32:27.0,6.5,2015-05-22 17:32:27 UTC,-73.9744,40.74695,-73.9886,40.7298,1
6379048,15:00.0,8.5,2011-05-23 22:15:00 UTC,0,0,0,0,1
31892535,03:00.0,3.3,2011-05-17 14:03:00 UTC,-73.9664,40.80444,-73.9659,40.80713,5
13012786,19:00.0,10.9,2011-06-25 11:19:00 UTC,-73.9534,40.76738,-73.9725,40.79614,1
48411337,20:27.0,6.9,2010-04-06 22:20:27 UTC,-73.9734,40.75519,-73.9783,40.76638,1
46272151,33:00.0,9.7,2012-02-21 09:33:00 UTC,-73.9907,40.75192,-73.9731,40.74423,2
11875730,21:40.0,4.9,2011-09-01 09:21:40 UTC,-73.9889,40.75698,-73.9812,40.76005,1
1728270,58:27.0,10.5,2011-03-19 23:58:27 UTC,-74.0057,40.74114,-73.9778,40.74934,2
49173512,58:35.0,12,2015-03-25 08:58:35 UTC,-73.9625,40.76719,-73.9745,40.75386,1
33157445,20:00.0,4.9,2009-08-08 00:20:00 UTC,-73.9921,40.71963,-73.9853,40.72741,1
55085966,26:00.0,10.5,2014-02-18 14:26:00 UTC,-73.98,40.74599,-74.0034,40.75967,1
9843493,15:03.0,5,2015-03-03 23:15:03 UTC,-73.9892,40.72914,-73.9873,40.72063,2
47537124,58:00.0,4.1,2009-11-26 02:58:00 UTC,-74.0108,40.72609,-74.0098,40.7374,2
25121708,12:00.0,7.7,2010-09-04 16:12:00 UTC,-73.9943,40.73951,-73.9881,40.72448,2
37339061,32:00.0,12.9,2010-05-12 22:32:00 UTC,-73.973,40.76404,-74.0078,40.71499,5
49393874,52:18.0,9.5,2009-02-12 17:52:18 UTC,-73.9861,40.75716,-73.9761,40.78059,1
38755863,55:00.0,5,2014-01-21 06:55:00 UTC,-73.9578,40.77637,-73.9574,40.78287,1
41229643,37:19.0,12,2012-11-21 17:37:19 UTC,-73.9939,40.74155,-73.9879,40.77023,1
46387690,06:23.0,4.9,2009-05-06 20:06:23 UTC,-73.9778,40.76366,-73.9895,40.77297,1
45740211,52:00.0,7.3,2011-12-24 02:52:00 UTC,-73.9711,40.78783,-73.945,40.7843,5
31945670,00:00.0,25.7,2011-05-21 09:00:00 UTC,-73.9448,40.83437,-73.9893,40.72192,4
11844693,54:57.0,7.7,2009-02-28 15:54:57 UTC,-74.0042,40.71298,-73.9884,40.7251,1
33836728,09:00.0,10.5,2013-02-11 19:09:00 UTC,-73.9821,40.77139,-73.9596,40.76945,1
17967628,50:25.0,11,2013-09-10 20:50:25 UTC,-73.9912,40.74139,-74.0097,40.71645,2
19277743,49:00.0,39.5,2014-06-04 06:49:00 UTC,-73.7881,40.64219,-73.865,40.726,4
45314451,35:00.0,8.1,2009-06-05 05:35:00 UTC,-73.9887,40.75127,-73.9588,40.76464,3
18779733,31:00.0,5.7,2011-02-19 16:31:00 UTC,-74.0109,40.71081,-74.0012,40.71875,1
28150703,47:00.0,6.9,2011-08-31 19:47:00 UTC,-73.9687,40.755,-73.9873,40.73594,1
14631620,28:00.0,7.7,2010-05-18 21:28:00 UTC,-73.9684,40.75901,-73.9791,40.77757,3
38703737,57:00.0,29,2014-02-13 17:57:00 UTC,-73.9926,40.75317,-73.9085,40.81619,1
51671648,42:00.0,15.7,2010-04-01 14:42:00 UTC,-73.9734,40.78695,-73.9728,40.74355,1
16649523,58:32.0,9,2014-04-02 14:58:32 UTC,-73.9702,40.76502,-73.9628,40.77478,1
5218851,25:03.0,4.9,2011-02-01 15:25:03 UTC,-73.9871,40.75304,-73.9778,40.75183,1
4147756,43:36.0,5.4,2009-01-10 22:43:36 UTC,-73.9942,40.75123,-73.9983,40.74434,1
15145716,59:02.0,3.3,2012-07-12 00:59:02 UTC,-73.9824,40.7655,-73.9852,40.76281,1
41369172,28:42.0,8.9,2009-02-19 08:28:42 UTC,-73.9771,40.77927,-73.9705,40.75797,1
37192633,58:09.0,17,2014-01-16 14:58:09 UTC,-73.9939,40.75171,-73.9586,40.76039,1
21695280,17:47.0,12,2015-01-04 09:17:47 UTC,-73.9795,40.72731,-73.9849,40.76065,1
22405517,24:41.0,56.8,2013-01-03 22:24:41 UTC,-73.9935,40.76469,-73.9935,40.76469,1
54858310,57:00.0,13.5,2013-05-23 10:57:00 UTC,-73.962,40.80537,-73.9884,40.77014,1
33899076,25:00.0,7.7,2009-10-03 18:25:00 UTC,-73.9831,40.77606,-73.9741,40.7638,1
29966903,55:53.0,13.3,2011-08-15 13:55:53 UTC,-73.9859,40.7277,-73.9825,40.7719,1
26382712,19:00.0,14.9,2012-05-25 03:19:00 UTC,-73.9974,40.72082,-73.9556,40.78225,1
11666085,12:29.0,7.5,2012-12-09 02:12:29 UTC,-73.9378,40.85056,-73.9445,40.83496,1
9716818,27:00.0,16.9,2009-04-09 11:27:00 UTC,-73.9866,40.75914,-74.0018,40.72012,1
38092793,12:25.0,11,2014-11-13 20:12:25 UTC,-73.9589,40.81524,-73.9809,40.78261,1
1239488,41:05.0,6.5,2010-03-05 22:41:05 UTC,-73.9903,40.75618,-74.0037,40.75917,1
23077019,24:24.0,6.5,2009-01-09 14:24:24 UTC,-73.9681,40.76563,-73.9809,40.75916,1
6922345,01:00.0,5.3,2009-07-10 01:01:00 UTC,-73.9897,40.73451,-74.0018,40.74039,1
6479703,58:00.0,4.1,2009-02-02 16:58:00 UTC,-73.9543,40.77406,-73.9526,40.76633,2
48399259,52:03.0,9,2015-06-17 17:52:03 UTC,-73.9721,40.74989,-73.9819,40.73243,1
14960347,34:39.0,17.3,2011-10-30 11:34:39 UTC,-73.9753,40.7575,-74.0107,40.71172,3
1347588,20:00.0,6.5,2011-06-22 06:20:00 UTC,-73.9979,40.74981,-74.0034,40.75434,2
22364180,21:00.0,20,2013-10-19 20:21:00 UTC,-73.9775,40.78522,-73.986,40.73496,1
44856422,58:01.0,13,2014-08-22 14:58:01 UTC,-73.9936,40.74981,-73.9925,40.75655,2
21993993,27:00.0,6,2014-05-05 19:27:00 UTC,0,0,0,0,1
3045866,16:00.0,5.5,2013-01-02 19:16:00 UTC,-73.9682,40.76211,-73.9797,40.76543,1
23460451,35:00.0,15.5,2012-12-22 15:35:00 UTC,-73.9899,40.73399,-73.9583,40.7808,1
53705359,19:55.0,8.5,2015-02-16 11:19:55 UTC,-73.9977,40.73622,-73.9818,40.76135,2
45517946,56:22.0,7.5,2013-02-01 20:56:22 UTC,-73.9979,40.75622,-73.9815,40.74239,1
9514003,23:00.0,6.9,2009-05-20 10:23:00 UTC,-73.9495,40.77335,-73.965,40.76659,5
53475676,56:39.0,21,2015-05-17 14:56:39 UTC,-73.9543,40.7697,-73.9901,40.75744,1
28370429,10:44.0,4.1,2012-06-28 20:10:44 UTC,-73.9946,40.72101,-73.9891,40.72296,2
48832443,43:00.0,5.7,2011-12-10 01:43:00 UTC,-73.991,40.72757,-73.9914,40.74472,1
11835345,31:02.0,19.3,2009-03-11 09:31:02 UTC,-74.0132,40.70415,-73.9843,40.75496,1
41669619,25:12.0,17.3,2010-12-11 04:25:12 UTC,-73.9957,40.7672,-73.9512,40.72392,4
50958489,19:00.0,12,2014-04-15 09:19:00 UTC,-74.0101,40.71972,-74.0136,40.70232,1
39891441,21:06.0,11.3,2012-04-05 20:21:06 UTC,-73.9815,40.76833,-73.9561,40.80476,1
21255889,11:00.0,9.7,2010-04-25 20:11:00 UTC,-73.9498,40.79604,-73.9627,40.75911,3
45550385,12:40.0,4.9,2012-05-02 19:12:40 UTC,-73.987,40.7208,-73.9766,40.72286,1
29152955,31:03.0,11,2015-05-28 13:31:03 UTC,-73.9667,40.80404,-73.9384,40.79727,1
26348645,35:16.0,3.5,2015-05-21 01:35:16 UTC,-73.9753,40.75249,-73.9739,40.74889,2
781560,35:45.0,26.1,2012-06-24 01:35:45 UTC,-73.9761,40.74421,-73.905,40.87669,2
9404760,23:00.0,8.1,2010-10-16 21:23:00 UTC,-73.9825,40.73165,-73.9549,40.76879,5
25485719,43:07.0,49.57,2009-08-07 10:43:07 UTC,-73.9751,40.78882,-73.9751,40.78882,1
11536406,16:01.0,7.7,2010-09-08 10:16:01 UTC,-73.9874,40.72126,-73.9547,40.73068,1
19137375,10:00.0,5.3,2012-04-05 18:10:00 UTC,-73.9715,40.76014,-73.9614,40.76898,1
11267091,15:00.0,4.5,2010-09-22 12:15:00 UTC,-73.9819,40.76117,-74.0162,40.70477,1
30869427,24:00.0,7.3,2010-01-23 03:24:00 UTC,-74.0083,40.72595,-73.9882,40.72032,1
226870,49:00.0,6.5,2013-02-15 18:49:00 UTC,-73.9926,40.73396,-73.9807,40.74214,1
46728985,48:00.0,5.3,2012-08-12 18:48:00 UTC,-73.9865,40.75505,-73.9961,40.74482,3
10442368,07:38.0,9.3,2010-03-12 12:07:38 UTC,-73.9577,40.76556,-73.9701,40.76276,1
1454546,07:00.0,6.1,2011-12-02 14:07:00 UTC,0,0,0,0,1
51116974,49:40.0,3.7,2009-04-14 11:49:40 UTC,-73.9765,40.74408,-73.9837,40.7342,1
46652271,02:13.0,4,2014-04-27 13:02:13 UTC,-73.9506,40.78645,-73.9575,40.77669,1
25431833,47:47.0,9.5,2015-04-11 08:47:47 UTC,-73.9784,40.7524,-74.0004,40.74212,1
44792012,29:00.0,4.5,2011-10-03 20:29:00 UTC,-73.9901,40.75641,-73.983,40.75673,3
18571020,12:44.0,3.3,2010-04-26 03:12:44 UTC,-73.9823,40.73131,-73.9896,40.7344,1
37942404,51:00.0,30.9,2011-11-18 09:51:00 UTC,-73.9959,40.75908,-73.865,40.77045,1
29024472,03:55.0,26.9,2009-08-30 14:03:55 UTC,-73.9901,40.75601,-73.9294,40.77455,1
29350780,02:00.0,9,2014-02-19 18:02:00 UTC,-73.9583,40.7689,-73.9735,40.78291,5
30977645,01:58.0,4.1,2011-02-20 21:01:58 UTC,-73.9776,40.75317,-73.9816,40.75736,1
7290820,48:00.0,14.9,2011-02-04 11:48:00 UTC,-73.9622,40.64022,-73.968,40.64051,1
47729464,29:00.0,6.5,2009-07-31 09:29:00 UTC,-74.0005,40.73746,-74.0095,40.71322,5
46435788,58:16.0,43,2015-05-15 18:58:16 UTC,-73.8627,40.76896,-73.9991,40.74183,2
7215780,12:00.0,8,2012-12-04 22:12:00 UTC,-73.9845,40.74279,-73.9774,40.76138,5
40831100,38:11.0,6,2015-04-21 01:38:11 UTC,-73.9502,40.7193,-73.9405,40.72421,1
31282042,26:00.0,4,2013-05-03 18:26:00 UTC,-73.9888,40.75869,-73.9851,40.77377,1
20318457,29:00.0,3.7,2010-03-30 21:29:00 UTC,-73.9842,40.73201,-73.9794,40.72762,5
21080437,34:45.0,10.1,2012-03-07 17:34:45 UTC,-73.9927,40.76832,-74.0023,40.74686,2
5838487,04:27.0,18,2015-01-30 22:04:27 UTC,-73.9547,40.68747,-73.9882,40.73051,1
52854856,22:03.0,5.7,2009-02-04 18:22:03 UTC,-73.9884,40.73718,-73.981,40.74733,1
21689516,18:00.0,6.5,2012-06-10 15:18:00 UTC,-73.9642,40.7573,-73.9834,40.74384,1
40522164,06:32.0,35.3,2009-05-15 21:06:32 UTC,-73.7767,40.64537,-73.9134,40.74594,1
2111231,49:00.0,6.1,2012-07-19 17:49:00 UTC,-73.9979,40.7359,-74.0065,40.74625,5
38160009,23:00.0,4.9,2011-06-19 18:23:00 UTC,-73.9858,40.75325,-73.9814,40.74651,1
10540899,06:41.0,6.1,2011-07-22 22:06:41 UTC,-73.9956,40.75478,-74.0025,40.7344,1
10601778,56:00.0,10,2013-02-25 15:56:00 UTC,-73.976,40.76004,-73.9829,40.74504,1
26536581,25:59.0,10.5,2014-06-15 15:25:59 UTC,-73.9886,40.77845,-73.9949,40.74995,1
52914369,17:58.0,8.9,2012-04-25 18:17:58 UTC,-73.998,40.7205,-74.0018,40.7378,1
17358122,39:48.0,6.5,2010-08-20 19:39:48 UTC,0,0,0,0,1
55198695,03:00.0,13,2013-03-28 14:03:00 UTC,-74.0064,40.74966,-73.9785,40.7539,5
9147772,20:00.0,6.9,2012-01-25 00:20:00 UTC,-73.9903,40.73712,-73.9763,40.74496,1
14653045,27:00.0,9.7,2009-11-02 09:27:00 UTC,-73.9826,40.77184,-73.9789,40.75432,2
48128338,47:00.0,10.1,2009-09-12 01:47:00 UTC,-73.9803,40.76525,-73.9743,40.73193,2
40598638,15:14.0,9.7,2011-07-06 17:15:14 UTC,-73.9548,40.76729,-73.9748,40.75489,1
8791172,38:00.0,5.3,2010-09-21 12:38:00 UTC,-73.9562,40.78159,-73.9661,40.77365,1
14280426,47:15.0,5.7,2010-01-14 06:47:15 UTC,-73.9912,40.75034,-73.9778,40.75239,1
26009783,48:48.0,7.5,2014-11-10 05:48:48 UTC,-73.9751,40.73302,-73.9771,40.75206,1
30203807,28:00.0,10.5,2010-09-10 16:28:00 UTC,-73.9956,40.7493,-73.9651,40.77161,1
38938355,13:00.0,6.1,2010-11-24 18:13:00 UTC,-73.9855,40.76063,-73.9892,40.77445,1
31583447,40:32.0,6.5,2015-04-04 22:40:32 UTC,-74.003,40.73113,-74.0054,40.74004,1
1988725,51:00.0,7.7,2009-01-04 13:51:00 UTC,-73.9625,40.76308,-73.9847,40.73634,1
40863188,43:00.0,6.9,2010-03-20 15:43:00 UTC,0,0,0,0,2
37286529,13:20.0,6.1,2010-09-22 00:13:20 UTC,-74.0016,40.736,-73.9866,40.74737,2
13917019,29:00.0,8.9,2009-06-02 00:29:00 UTC,-74.0081,40.71155,-73.9972,40.67959,1
53369902,30:00.0,9,2013-08-18 01:30:00 UTC,-73.9782,40.74563,-73.952,40.77319,2
42367206,15:52.0,15,2014-09-23 00:15:52 UTC,-73.9941,40.75092,-73.9494,40.78134,1
34326211,56:18.0,15,2015-01-14 21:56:18 UTC,-73.9886,40.74913,-73.9564,40.74752,4
17436771,52:00.0,12.9,2009-09-03 14:52:00 UTC,-74.0107,40.71099,-73.9911,40.75072,1
33481580,40:00.0,7.5,2014-04-21 20:40:00 UTC,-73.9765,40.78821,-73.9546,40.77784,1
27401654,31:59.0,9.5,2015-04-06 19:31:59 UTC,-74.0066,40.74441,-73.9864,40.74319,2
29572239,05:30.0,5.3,2011-09-13 12:05:30 UTC,-73.9657,40.75438,-73.9672,40.76507,1
10381393,21:15.0,8,2015-02-10 15:21:15 UTC,-73.9944,40.74668,-73.9777,40.73912,1
27114350,47:00.0,11.3,2009-12-01 11:47:00 UTC,-73.9444,40.77814,-73.9805,40.7823,3
26097408,54:20.0,38.54,2015-06-16 09:54:20 UTC,-73.8628,40.76879,-73.9787,40.75304,6
23831436,58:06.0,6.1,2009-09-04 10:58:06 UTC,-73.9689,40.78575,-73.9631,40.7742,1
11373696,24:04.0,18,2015-02-13 23:24:04 UTC,-73.981,40.75873,-73.955,40.73442,2
36637366,38:38.0,6,2015-04-04 11:38:38 UTC,-73.988,40.74938,-73.9888,40.75852,1
24780231,10:00.0,12.5,2013-05-10 15:10:00 UTC,-73.9914,40.70255,-73.9997,40.73441,1
20784752,10:05.0,16.5,2010-04-13 00:10:05 UTC,-73.9872,40.75076,-73.9024,40.74164,1
30446427,17:55.0,5.5,2013-01-30 14:17:55 UTC,-73.975,40.76281,-73.9814,40.7561,1
30087952,19:31.0,13.7,2011-10-19 10:19:31 UTC,-73.993,40.75451,-73.9991,40.72258,1
43372207,45:00.0,8.9,2010-11-15 18:45:00 UTC,-74.0066,40.70411,-74.01,40.73501,1
9127290,50:51.0,4,2015-02-10 05:50:51 UTC,-73.9466,40.77678,-73.9535,40.77991,5
30246428,57:00.0,4.9,2010-05-24 17:57:00 UTC,-73.9765,40.78074,-73.9803,40.77067,2
31449635,13:38.0,4.9,2010-06-01 14:13:38 UTC,-73.9687,40.75481,-73.9786,40.75603,1
31451546,52:17.0,8.5,2012-09-19 13:52:17 UTC,-73.9585,40.78073,-73.9754,40.77702,2
19725860,17:48.0,3.7,2011-02-14 10:17:48 UTC,-73.9804,40.78034,-73.98,40.78556,1
5154278,52:00.0,6.5,2014-06-24 09:52:00 UTC,-74.0151,40.7158,-74.0085,40.72814,5
17180598,54:13.0,4.9,2009-09-08 20:54:13 UTC,-73.9765,40.73599,-73.9816,40.72882,1
13392014,39:00.0,9.3,2012-01-12 16:39:00 UTC,-73.9543,40.7641,-73.9734,40.78271,1
19277580,13:00.0,29,2012-10-16 13:13:00 UTC,-73.8709,40.7738,-73.9817,40.76746,1
38125478,26:41.0,6.5,2010-01-29 19:26:41 UTC,-73.9851,40.77895,-73.9806,40.76569,1
5461708,46:01.0,8.2,2009-01-26 20:46:01 UTC,-73.9835,40.76583,-73.9614,40.76887,1
7751113,38:11.0,11,2013-05-30 20:38:11 UTC,-73.9885,40.75391,-73.9899,40.72624,3
54642873,01:18.0,4.5,2014-01-22 21:01:18 UTC,-73.9929,40.75778,-73.9929,40.75778,1
27506709,24:00.0,4.5,2013-06-08 07:24:00 UTC,-73.9927,40.75309,-73.9868,40.76158,5
51756123,10:00.0,9,2014-04-19 02:10:00 UTC,-73.9972,40.76367,-74.0106,40.73002,3
17269533,38:00.0,14.5,2010-07-14 17:38:00 UTC,0.001782,0.00738,0.000875,0.00567,1
54793835,28:00.0,5,2013-10-14 20:28:00 UTC,-73.9727,40.79832,-73.9613,40.80646,1
8293300,43:49.0,7.3,2012-06-26 08:43:49 UTC,-73.9894,40.75228,-73.9728,40.74995,1
5009370,30:00.0,9.5,2015-02-26 02:30:00 UTC,-73.984,40.72166,-74.0107,40.71681,1
36309121,55:20.0,7.5,2015-02-18 01:55:20 UTC,-74.0041,40.7424,-73.9844,40.74317,1
20868327,25:33.0,7.7,2010-11-13 00:25:33 UTC,-73.9744,40.76402,-73.9836,40.74418,2
32588688,57:00.0,9.7,2009-05-26 21:57:00 UTC,-74.0079,40.73873,-73.9775,40.76173,1
38184582,54:02.0,15,2015-01-16 19:54:02 UTC,-74.0021,40.75184,-73.9917,40.72646,1
17545146,16:45.0,8,2013-05-16 22:16:45 UTC,-73.9958,40.75915,-73.9914,40.75023,3
8052480,29:00.0,13.7,2010-10-06 19:29:00 UTC,-73.9856,40.76302,-74.0098,40.71941,5
5214708,39:47.0,6,2015-01-10 12:39:47 UTC,-73.9821,40.75582,-73.9708,40.75575,1
53047121,30:00.0,7.7,2011-06-17 21:30:00 UTC,-73.9771,40.78965,-73.9541,40.77378,5
29154546,56:00.0,10.5,2011-09-14 20:56:00 UTC,-73.9814,40.75881,-73.9475,40.77931,1
51762242,53:09.0,22,2013-01-30 18:53:09 UTC,-73.9834,40.74428,-73.974,40.79545,1
31785067,14:00.0,7.5,2014-03-25 20:14:00 UTC,-73.9729,40.76444,-73.9884,40.76914,1
17010919,43:28.0,11.5,2015-02-25 19:43:28 UTC,-73.97,40.78918,-73.9462,40.77773,5
3653533,16:00.0,4.5,2012-03-02 20:16:00 UTC,-73.9861,40.76343,-73.9775,40.76501,5
32235333,41:00.0,8.1,2011-05-05 20:41:00 UTC,-73.9649,40.77528,-73.9757,40.7917,1
17711691,01:00.0,14.5,2012-01-25 10:01:00 UTC,-73.9543,40.7665,-73.9897,40.73685,1
2415914,42:10.0,18,2012-11-17 23:42:10 UTC,-73.9653,40.80635,-73.9764,40.75062,1
30864447,17:00.0,8.1,2010-09-10 01:17:00 UTC,-73.9826,40.72737,-73.9532,40.77755,1
29942923,21:49.0,4.5,2011-09-13 13:21:49 UTC,-73.995,40.74463,-74.0002,40.7352,1
41777976,06:00.0,3.3,2011-10-08 20:06:00 UTC,-74.0011,40.74174,-73.9983,40.7451,3
13293785,54:45.0,19.7,2012-05-13 13:54:45 UTC,-73.9634,40.79847,-74.0008,40.72935,1
49798166,17:00.0,8.1,2012-04-14 02:17:00 UTC,-73.9818,40.7634,-74.0042,40.74244,1
39400897,14:00.0,6.5,2010-09-24 12:14:00 UTC,-73.9725,40.75278,-73.9589,40.7639,3
49202586,00:00.0,14.5,2014-05-28 01:00:00 UTC,-74.0055,40.73858,-73.9727,40.75674,5
51452192,32:00.0,24,2009-05-12 10:32:00 UTC,-73.9816,40.78375,-73.9009,40.89337,1
45317989,53:18.0,10.5,2012-08-07 20:53:18 UTC,-73.9659,40.80536,-73.9499,40.77887,1
41858701,21:42.0,8.9,2009-09-24 16:21:42 UTC,-73.9521,40.79012,-73.9636,40.79809,1
13472186,01:40.0,14.1,2011-04-03 00:01:40 UTC,-74.0002,40.71834,-73.9568,40.76475,1
12508194,14:24.0,6.1,2012-03-22 07:14:24 UTC,-73.965,40.76431,-73.9811,40.76089,1
928784,14:49.0,7.3,2011-04-22 10:14:49 UTC,-73.9848,40.73651,-73.9767,40.75175,1
17076715,24:52.0,23,2012-11-14 21:24:52 UTC,-73.8631,40.76921,-73.952,40.72938,1
17424218,23:00.0,5.3,2009-11-16 21:23:00 UTC,-74.0092,40.70638,-74.0092,40.71676,1
6403066,21:00.0,45,2010-11-13 07:21:00 UTC,-73.9717,40.75781,-73.7893,40.64179,1
44645532,32:42.0,20.1,2011-06-08 04:32:42 UTC,-73.9902,40.75656,-73.9233,40.82548,2
416416,30:04.0,5.7,2011-11-04 01:30:04 UTC,-74.0016,40.73935,-74.0081,40.7239,1
49651743,06:00.0,3.7,2009-03-24 23:06:00 UTC,-73.9743,40.76119,-73.9719,40.75964,5
11719767,36:50.0,5.5,2013-09-03 07:36:50 UTC,-73.9857,40.74875,-73.9744,40.74414,1
13246898,25:39.0,6.1,2010-05-15 19:25:39 UTC,-73.9788,40.75552,-73.9758,40.76546,1
20519721,21:00.0,8.5,2011-01-16 00:21:00 UTC,-73.9598,40.77714,-73.9665,40.80424,1
34023783,15:00.0,4.1,2010-05-26 16:15:00 UTC,-73.9594,40.77461,-73.9526,40.78021,5
38970654,29:32.0,8,2015-05-01 17:29:32 UTC,-73.9921,40.75921,-73.9841,40.78046,1
40845743,38:40.0,9.5,2013-09-21 18:38:40 UTC,-73.9956,40.6952,-73.9747,40.68774,1
17781331,07:37.0,17.5,2009-02-17 18:07:37 UTC,-73.9741,40.75056,-73.8824,40.7558,1
23083708,55:08.0,4.1,2009-05-11 19:55:08 UTC,-73.9591,40.79948,-73.9674,40.80203,1
16496513,37:09.0,15.7,2011-06-07 22:37:09 UTC,-73.9773,40.7519,-74.0125,40.7015,1
1573188,41:33.0,5.3,2009-05-31 05:41:33 UTC,-73.9343,40.79741,-73.9179,40.80701,1
49180723,34:22.0,9.7,2010-06-16 19:34:22 UTC,-74.0125,40.70782,-73.9875,40.74476,2
52842120,56:00.0,8.9,2012-03-03 21:56:00 UTC,-74.0074,40.73326,-73.9872,40.72939,4
55118441,45:00.0,9.5,2013-12-19 14:45:00 UTC,-73.9781,40.78845,-73.9794,40.77133,1
51449542,58:00.0,29.5,2014-01-21 14:58:00 UTC,-73.9912,40.7502,-74.0068,40.70593,3
11242259,53:08.0,18,2015-04-07 21:53:08 UTC,-73.9968,40.73599,-73.9678,40.79392,1
44829723,50:27.0,23.7,2009-08-05 09:50:27 UTC,-73.9532,40.78759,-74.0147,40.70989,1
31509903,32:00.0,6,2014-03-19 10:32:00 UTC,-73.9934,40.73332,-73.9955,40.74099,1
12636677,25:00.0,24,2014-04-13 12:25:00 UTC,-73.9783,40.76347,-73.9648,40.80675,1
24085207,04:36.0,49.8,2012-07-29 17:04:36 UTC,-73.9921,40.74858,-73.8061,40.66527,1
3778526,10:14.0,3.7,2009-03-01 09:10:14 UTC,-73.9834,40.74682,-73.9885,40.73988,1
54928616,07:00.0,4.9,2012-06-02 22:07:00 UTC,-73.9824,40.77548,-73.9888,40.76371,1
1842891,47:00.0,7.7,2011-12-09 21:47:00 UTC,-73.9731,40.76415,-73.9871,40.74832,1
38589960,48:00.0,7.3,2009-02-18 08:48:00 UTC,-73.9932,40.74967,-74.0077,40.73112,5
14190887,04:14.0,4.1,2011-10-11 22:04:14 UTC,-73.9622,40.77636,-73.9718,40.76576,1
42307589,24:00.0,7,2014-08-20 22:24:00 UTC,-73.972,40.75652,-73.986,40.75225,2
1032411,22:52.0,9.7,2011-11-15 21:22:52 UTC,-73.9896,40.73563,-73.9856,40.76312,1
7083160,56:00.0,4.5,2012-02-02 13:56:00 UTC,-73.9924,40.72883,-73.9881,40.73502,1
12487121,12:06.0,12.5,2015-05-07 08:12:06 UTC,-73.9802,40.73518,-74.0109,40.7018,1
7891124,43:30.0,7.3,2012-03-03 21:43:30 UTC,-73.9682,40.80022,-73.9571,40.78602,1
45863790,28:00.0,4.1,2011-06-17 12:28:00 UTC,0,0,0,0,5
47390654,39:00.0,4,2012-10-09 18:39:00 UTC,-73.935,40.80099,-73.941,40.79838,5
38076415,02:47.0,7.7,2011-01-25 16:02:47 UTC,-73.9755,40.75789,-73.9609,40.77499,1
12938380,51:00.0,12.9,2011-01-14 19:51:00 UTC,-73.9925,40.72877,-73.9608,40.7782,1
3885476,31:00.0,8,2013-11-10 06:31:00 UTC,-73.9752,40.7577,-73.9946,40.75023,2
41458016,05:43.0,6.5,2012-08-12 14:05:43 UTC,-73.9992,40.7394,-73.9884,40.74376,1
30433608,23:24.0,11.5,2015-01-31 21:23:24 UTC,-73.9707,40.75807,-74.0041,40.74281,1
50164779,04:15.0,7.3,2009-03-07 14:04:15 UTC,-73.9616,40.77709,-73.9641,40.79977,1
34207430,52:00.0,7.3,2010-03-31 06:52:00 UTC,-73.9928,40.73717,-73.9707,40.75622,5
271308,29:00.0,14.1,2010-06-08 15:29:00 UTC,-73.9826,40.77275,-74.0048,40.72955,1
53004426,54:10.0,4.5,2012-06-10 21:54:10 UTC,-73.9772,40.79011,-73.9815,40.78124,1
18285176,10:47.0,5.5,2014-10-04 19:10:47 UTC,-73.9689,40.76428,-73.9782,40.75965,2
41862524,02:00.0,8.9,2009-08-06 21:02:00 UTC,-73.9878,40.7386,-73.9648,40.77018,1
1834255,01:08.0,15,2013-03-05 22:01:08 UTC,-73.9656,40.762,-73.9645,40.79263,2
6149840,15:11.0,4.1,2012-04-03 12:15:11 UTC,-73.9835,40.75218,-73.9797,40.74455,1
47000984,28:28.0,10.5,2015-03-10 15:28:28 UTC,-73.9812,40.75288,-73.9953,40.72618,6
41603814,12:03.0,8.5,2012-09-12 11:12:03 UTC,-73.9682,40.79208,-73.9545,40.77897,1
30703037,31:00.0,8.1,2011-09-01 08:31:00 UTC,-73.9697,40.75671,-73.988,40.76477,1
39396724,38:00.0,9.7,2009-08-01 20:38:00 UTC,-73.9839,40.75533,-73.9964,40.7273,1
49487767,56:00.0,4.9,2009-09-30 15:56:00 UTC,-73.9783,40.75451,-73.9852,40.76298,3
26165376,27:17.0,8,2012-12-12 09:27:17 UTC,-73.9701,40.75893,-73.961,40.77084,1
33974758,53:00.0,13.7,2012-03-08 09:53:00 UTC,-74.0021,40.75092,-73.9567,40.78851,2
48030313,20:02.0,10.5,2015-04-07 20:20:02 UTC,-73.9874,40.73285,-73.9719,40.74717,2
25386278,45:00.0,10.5,2009-07-23 18:45:00 UTC,-73.9694,40.75745,-73.9926,40.73739,1
43519750,13:28.0,12,2014-09-18 11:13:28 UTC,-73.9596,40.76283,-73.9756,40.7606,1
2787996,41:42.0,5,2014-09-13 01:41:42 UTC,-73.9883,40.72405,-73.981,40.73623,1
43063665,50:36.0,7.3,2010-07-31 09:50:36 UTC,-73.9823,40.76893,-73.9936,40.747,1
49584701,15:00.0,17,2014-06-18 00:15:00 UTC,-73.9848,40.73715,-73.9446,40.70041,2
11096617,13:00.0,7,2013-09-10 22:13:00 UTC,-74.0029,40.73329,-74.0095,40.7155,1
33511324,34:00.0,7.3,2011-02-14 20:34:00 UTC,-73.962,40.81036,-73.9766,40.78661,2
41620024,06:21.0,7.7,2010-02-14 14:06:21 UTC,-73.9834,40.76133,-73.973,40.78032,1
38396210,13:00.0,24,2013-06-24 17:13:00 UTC,-73.99,40.76197,-73.9908,40.70026,1
34757257,58:37.0,4.9,2012-05-14 06:58:37 UTC,-73.986,40.76803,-73.9767,40.76072,1
9837030,19:00.0,13,2012-11-04 20:19:00 UTC,-73.9938,40.76223,-73.9884,40.72741,1
29799869,39:22.0,5.5,2014-02-02 10:39:22 UTC,-73.9821,40.77275,-73.9774,40.78434,1
7242916,22:53.0,5.7,2011-03-11 15:22:53 UTC,-73.9805,40.7856,-73.9686,40.79989,3
27248527,28:56.0,9.3,2012-08-21 08:28:56 UTC,-73.9831,40.73503,-74.0085,40.72009,1
49331309,44:02.0,6.5,2009-05-15 19:44:02 UTC,-73.995,40.73999,-73.9784,40.76229,2
54974521,45:09.0,5,2015-04-15 07:45:09 UTC,-73.9912,40.74974,-73.9863,40.74416,1
48088792,54:00.0,17,2013-09-13 00:54:00 UTC,-73.9529,40.79181,-74.0033,40.73277,1
20618821,28:00.0,5.5,2013-01-11 07:28:00 UTC,-73.9454,40.77833,-73.9551,40.77777,1
39045600,48:00.0,4.9,2010-03-09 22:48:00 UTC,-73.9826,40.77152,-73.9891,40.77437,2
20850316,10:43.0,23,2013-10-25 17:10:43 UTC,-73.962,40.81066,-73.9692,40.75679,1
8758303,57:37.0,7.5,2014-11-03 12:57:37 UTC,-73.9804,40.72055,-73.9846,40.72969,1
5347854,27:20.0,4.9,2012-03-20 18:27:20 UTC,-73.9861,40.74594,-73.9917,40.73534,1
10127907,56:02.0,9.5,2015-02-24 11:56:02 UTC,-73.9889,40.69222,-74.0047,40.71613,1
11437730,49:00.0,14,2014-11-02 14:49:00 UTC,-73.993,40.74267,-73.9725,40.76482,1
52912994,42:06.0,16.9,2012-02-19 19:42:06 UTC,-74.0005,40.74249,-73.9234,40.7611,1
17960153,13:10.0,6.1,2009-03-26 12:13:10 UTC,-73.984,40.78049,-73.9679,40.79736,1
20902435,53:00.0,7.5,2013-05-16 07:53:00 UTC,-73.991,40.7508,-74.0059,40.73016,1
5766737,37:13.0,12.5,2014-09-03 10:37:13 UTC,-73.9625,40.77,-73.9879,40.74113,1
3540576,07:39.0,4,2015-06-02 07:07:39 UTC,-73.9625,40.76739,-73.9533,40.76466,2
12199998,04:00.0,6.5,2009-04-05 10:04:00 UTC,-73.9847,40.75911,-73.9947,40.74052,2
41979324,51:49.0,19.5,2014-03-05 20:51:49 UTC,-73.9924,40.72439,-73.9703,40.78387,1
3467825,33:00.0,7.3,2010-01-01 20:33:00 UTC,-73.9882,40.72483,-74.0065,40.73859,1
10544721,53:00.0,9,2013-03-27 19:53:00 UTC,-74.0033,40.72696,-74.0045,40.74727,5
9231771,53:24.0,9.3,2009-06-05 17:53:24 UTC,-73.9938,40.75174,-73.981,40.76762,1
24673379,29:24.0,3.5,2014-12-08 17:29:24 UTC,-73.9538,40.77517,-73.9564,40.77159,1
2877817,13:00.0,11.7,2009-03-03 09:13:00 UTC,-73.9887,40.76403,-74.0104,40.72029,1
28990968,15:47.0,7.3,2011-09-12 12:15:47 UTC,-74.0008,40.72584,-74.0062,40.74381,2
39686140,19:00.0,5.5,2013-11-27 08:19:00 UTC,-74.016,40.71546,-74.0113,40.72159,5
8928994,15:10.0,15,2014-03-10 23:15:10 UTC,-74.0062,40.71446,-73.9904,40.66524,1
11060880,30:12.0,6.5,2014-03-20 23:30:12 UTC,-74.0041,40.74209,-73.9853,40.73579,1
29569353,30:14.0,9.3,2009-08-14 17:30:14 UTC,-73.987,40.77616,-73.9946,40.75044,1
20159924,57:56.0,15,2012-12-31 23:57:56 UTC,-73.9769,40.76437,-73.9114,40.74718,1
15291924,25:36.0,6.5,2012-04-05 13:25:36 UTC,-73.9708,40.79827,-73.956,40.78795,1
1443240,17:00.0,5,2013-05-21 00:17:00 UTC,-73.973,40.75204,-73.9772,40.74539,5
3286192,19:00.0,13.5,2013-06-18 16:19:00 UTC,-73.9733,40.75087,-73.9911,40.74707,1
29215955,56:23.0,6.5,2009-08-25 09:56:23 UTC,-73.983,40.74461,-73.9754,40.7616,1
2237508,28:00.0,5.7,2009-02-11 17:28:00 UTC,-73.9706,40.76305,-73.958,40.77692,1
26204531,15:30.0,34.25,2009-03-03 10:15:30 UTC,-73.8627,40.76999,-73.9866,40.74296,2
47458009,01:00.0,4.5,2013-07-24 19:01:00 UTC,-73.985,40.67083,-73.9846,40.66414,1
54160506,31:18.0,7.7,2011-08-25 11:31:18 UTC,-73.9754,40.77734,-73.9534,40.78841,1
22320863,05:51.0,39.33,2013-12-09 05:05:51 UTC,-73.9833,40.76596,-73.8657,40.77085,2
44680507,47:00.0,5.7,2011-08-25 12:47:00 UTC,-73.9715,40.75499,-73.9807,40.7462,1
14408917,55:00.0,7.7,2009-01-31 06:55:00 UTC,-73.9811,40.74072,-73.9792,40.76502,1
54178843,37:55.0,10,2012-12-18 20:37:55 UTC,-73.9868,40.76133,-73.9612,40.76022,1
11037044,21:00.0,6.9,2009-04-03 22:21:00 UTC,-73.9921,40.72916,-73.9798,40.74491,1
32969072,25:00.0,45,2011-10-23 17:25:00 UTC,-73.9593,40.75935,-73.7899,40.64694,1
32606078,09:00.0,17.7,2010-03-10 02:09:00 UTC,0,0,0,0,1
52641438,21:00.0,7.3,2009-06-02 07:21:00 UTC,-73.9908,40.7509,-73.9748,40.74192,5
54945201,29:03.0,4.5,2014-01-25 17:29:03 UTC,-73.9566,40.7676,-73.9654,40.76969,2
27090555,32:00.0,18.5,2012-09-15 03:32:00 UTC,-73.9712,40.76246,-74.0055,40.70908,1
14659149,40:00.0,8.9,2012-03-30 17:40:00 UTC,-73.989,40.74818,-74.0015,40.72491,2
30092913,42:00.0,4.9,2009-10-22 01:42:00 UTC,-74.0044,40.7511,-74.0046,40.75214,2
39648057,38:13.0,19.3,2011-05-20 00:38:13 UTC,-73.9952,40.75052,-73.9714,40.68096,1
51344425,58:00.0,6.5,2014-08-04 17:58:00 UTC,-73.9874,40.73307,-74.0022,40.74063,1
14798810,17:00.0,6.5,2015-04-08 10:17:00 UTC,-73.9851,40.73245,-73.9961,40.73834,2
39711318,42:12.0,10.5,2012-12-12 07:42:12 UTC,-73.9828,40.77059,-73.9803,40.7548,1
39067507,01:02.0,16,2013-08-31 21:01:02 UTC,-73.9628,40.71199,-73.9838,40.67929,1
52452993,37:00.0,13.3,2009-04-18 04:37:00 UTC,-73.9928,40.75343,-73.9537,40.79969,1
17951491,28:00.0,15.5,2014-03-24 12:28:00 UTC,-73.9736,40.75793,-73.9978,40.72434,1
42101324,00:32.0,11.7,2011-09-11 05:00:32 UTC,-73.9965,40.71546,-73.962,40.6753,4
20532197,21:00.0,11.7,2010-09-01 17:21:00 UTC,-73.8628,40.76885,-73.9106,40.78195,2
13560766,21:03.0,6.1,2011-11-27 16:21:03 UTC,-73.9668,40.75733,-73.9829,40.73918,1
12200280,21:00.0,15,2013-01-27 19:21:00 UTC,-73.9777,40.78684,-74.0084,40.73642,1
2137942,03:08.0,10.1,2011-08-05 07:03:08 UTC,-74.0139,40.7078,-73.9923,40.7493,0
24900646,52:00.0,12.5,2014-10-04 22:52:00 UTC,-73.9969,40.72064,-73.9881,40.74819,1
20431254,59:22.0,3.5,2014-03-06 06:59:22 UTC,-73.9725,40.75344,-73.9683,40.76075,1
8806876,12:00.0,6.1,2011-02-19 11:12:00 UTC,-73.9879,40.73857,-73.9998,40.72195,1
39947986,56:33.0,4.5,2013-02-03 11:56:33 UTC,-73.9651,40.79117,-73.9709,40.79576,1
45351233,41:00.0,12.5,2013-09-04 09:41:00 UTC,-74.0016,40.74664,-73.9833,40.77594,1
11194032,39:00.0,35.7,2010-02-28 13:39:00 UTC,-73.7869,40.6401,-73.9262,40.75292,2
1695711,45:00.0,8.5,2012-04-14 19:45:00 UTC,-73.9749,40.76326,-73.9898,40.752,5
25415449,12:00.0,8.5,2011-08-08 17:12:00 UTC,-73.9481,40.71932,-73.9814,40.72558,1
11976813,21:00.0,4,2014-04-18 23:21:00 UTC,-73.9793,40.7769,-73.9862,40.78058,1
25717742,17:12.0,3.3,2012-02-16 02:17:12 UTC,-73.9961,40.72523,-73.9947,40.71962,1
6692959,23:10.0,15.7,2011-10-27 17:23:10 UTC,-73.9777,40.75151,-74.0107,40.7092,1
16264258,55:08.0,8.9,2009-04-22 11:55:08 UTC,-73.9625,40.77324,-73.9821,40.77907,1
25741482,15:07.0,15.5,2015-03-05 19:15:07 UTC,0,0,-73.9798,40.78603,1
22925353,09:02.0,4.5,2011-12-27 13:09:02 UTC,-73.959,40.75977,-73.9686,40.75748,1
45787655,35:00.0,29.3,2013-02-03 20:35:00 UTC,-73.9396,40.84133,-73.9125,40.76911,1
18608013,53:00.0,5.7,2009-12-30 22:53:00 UTC,-73.9852,40.72371,-73.9915,40.73518,2
8781938,45:00.0,10.5,2013-01-04 19:45:00 UTC,-73.9717,40.76271,-73.9952,40.75998,1
7095577,32:54.0,10,2015-05-05 14:32:54 UTC,-73.9894,40.73759,-73.9726,40.75937,1
12405795,30:36.0,9.3,2010-07-01 08:30:36 UTC,-73.9941,40.75115,-73.982,40.75814,4
54532559,52:22.0,7.3,2009-09-01 08:52:22 UTC,-73.9816,40.76314,-74.0003,40.75913,3
39208766,55:00.0,8,2014-10-06 22:55:00 UTC,-74.015,40.71461,-74.0079,40.70556,1
31566418,20:00.0,10.5,2014-07-06 17:20:00 UTC,-73.9735,40.75744,-73.9974,40.72458,2
45519517,16:26.0,10.9,2010-07-03 16:16:26 UTC,-74.0072,40.71327,-73.9869,40.72526,1
48597720,43:00.0,4,2013-05-01 05:43:00 UTC,-73.9898,40.75674,-73.9832,40.76109,1
32919753,21:00.0,5.3,2010-12-05 12:21:00 UTC,-73.9687,40.78619,-73.9806,40.77411,1
26530865,22:01.0,11,2013-03-28 20:22:01 UTC,-73.9904,40.75611,-73.9888,40.73948,3
30820574,25:47.0,8.5,2012-08-10 19:25:47 UTC,-73.9668,40.80431,-73.9822,40.77582,1
11876316,25:00.0,10.1,2009-08-24 17:25:00 UTC,-73.9287,40.75348,-73.9287,40.75348,1
3048693,22:09.0,7.7,2011-04-14 14:22:09 UTC,-74.0056,40.74577,-73.9769,40.73679,2
38114244,00:57.0,5,2009-01-27 00:00:57 UTC,-73.9779,40.72606,-73.9799,40.727,1
51877834,49:00.0,6.9,2009-10-27 08:49:00 UTC,-73.9554,40.76489,-73.9578,40.7672,1
44048390,16:00.0,8.5,2011-07-20 08:16:00 UTC,-73.9858,40.76774,-73.9738,40.75397,1
39827484,06:00.0,49.8,2011-04-25 07:06:00 UTC,-73.7897,40.64814,-73.9852,40.74433,1
43023629,39:00.0,6.9,2011-05-27 04:39:00 UTC,-73.9696,40.79034,-73.9912,40.76064,2
51312620,06:00.0,10,2013-12-08 19:06:00 UTC,-73.9753,40.76217,-73.9784,40.75012,2
7922921,43:00.0,8.1,2011-12-08 17:43:00 UTC,-73.9786,40.75381,-73.9639,40.77102,1
44033644,20:16.0,7.7,2011-10-21 20:20:16 UTC,-73.9917,40.685,-73.9685,40.67401,2
31579707,08:49.0,6.5,2009-03-15 11:08:49 UTC,-73.9742,40.74719,-73.9921,40.73802,2
44430762,38:00.0,13.5,2014-06-14 12:38:00 UTC,-73.9936,40.7525,-73.9815,40.7558,1
21072493,29:00.0,8.5,2012-01-19 15:29:00 UTC,-74.0016,40.74653,-73.9775,40.76431,1
13898475,28:00.0,6.9,2009-06-30 15:28:00 UTC,-73.962,40.77348,-73.9674,40.78793,1
53398243,23:08.0,43,2015-05-25 16:23:08 UTC,-73.8708,40.77368,-73.9748,40.63472,1
13290897,53:00.0,6.5,2012-01-31 08:53:00 UTC,-73.9814,40.74122,-73.9701,40.75659,1
11697807,47:05.0,15.7,2009-08-23 01:47:05 UTC,-73.9964,40.74855,-74.0102,40.71964,2
46495417,34:51.0,6.9,2012-07-17 11:34:51 UTC,-73.9796,40.73533,-73.9656,40.75476,1
41727952,45:18.0,13.5,2015-02-12 22:45:18 UTC,-73.99,40.73451,-73.9625,40.77288,1
43586200,37:00.0,7,2013-10-26 14:37:00 UTC,-73.9621,40.77628,-73.9792,40.78359,5
27490018,43:00.0,4.9,2009-10-03 06:43:00 UTC,-73.9774,40.76031,-73.9591,40.7594,1
39715309,20:00.0,3,2014-08-12 17:20:00 UTC,-73.9883,40.73773,-73.9866,40.73995,5
44912182,21:00.0,2.9,2009-03-01 13:21:00 UTC,-73.9222,40.81888,-73.9235,40.81635,1
36082337,12:00.0,13,2013-07-12 04:12:00 UTC,-73.9496,40.77688,-73.9535,40.80687,5
45422773,53:56.0,6.1,2012-07-07 12:53:56 UTC,-73.9364,40.76023,-73.9163,40.76453,1
12064815,26:00.0,12.1,2010-01-28 15:26:00 UTC,-73.9461,40.78116,-73.9658,40.80514,2
47764620,40:00.0,13.7,2011-11-09 18:40:00 UTC,-73.9734,40.78471,-73.9879,40.75162,1
10139009,32:25.0,13.7,2010-01-19 18:32:25 UTC,-73.9902,40.74179,-74.0095,40.70492,1
27995739,39:00.0,12.5,2010-07-01 18:39:00 UTC,0,0,0,0,2
41017257,50:00.0,4.5,2012-03-28 14:50:00 UTC,-73.9896,40.75877,-73.9693,40.76603,6
49395705,49:00.0,7.7,2011-11-03 09:49:00 UTC,-73.9674,40.76057,-73.9761,40.77611,2
6846668,11:00.0,22,2013-02-01 23:11:00 UTC,-73.9785,40.73671,-73.9349,40.81044,6
42821000,07:00.0,7.3,2009-05-05 10:07:00 UTC,-73.973,40.76212,-73.9525,40.76641,2
36253357,37:00.0,4.1,2009-09-12 17:37:00 UTC,-73.9801,40.76517,-73.9824,40.77016,5
46158430,25:18.0,5.3,2012-02-02 09:25:18 UTC,-73.9618,40.75572,-73.9762,40.76083,2
16364782,21:00.0,6.5,2009-07-09 17:21:00 UTC,-74.0043,40.74743,-73.9863,40.76239,1
7212558,36:00.0,6.5,2014-07-17 14:36:00 UTC,-73.9915,40.72973,-74.0069,40.72943,1
30018399,50:17.0,19,2014-05-16 01:50:17 UTC,-73.9737,40.75921,-73.9515,40.8228,1
5672660,29:52.0,10,2014-09-27 06:29:52 UTC,-73.9518,40.78159,-73.9813,40.76369,1
50734086,34:53.0,8,2015-05-06 08:34:53 UTC,-74.003,40.74802,-74.0069,40.7252,1
40938363,12:49.0,57.33,2014-06-27 14:12:49 UTC,-73.7767,40.64552,-73.9946,40.71901,1
48396395,32:29.0,6.1,2012-06-25 06:32:29 UTC,-73.9811,40.74707,-73.9922,40.73056,1
44685604,29:00.0,6.9,2010-07-14 18:29:00 UTC,-73.9748,40.75046,-73.9822,40.73605,2
26007231,50:00.0,10.9,2009-07-21 20:50:00 UTC,-73.9793,40.75079,-74.0109,40.71442,1
27239694,47:00.0,6.1,2011-01-18 11:47:00 UTC,-74.0147,40.71425,-74.0127,40.70823,2
30853501,19:08.0,3.7,2009-06-19 01:19:08 UTC,-73.98,40.74563,-73.9737,40.74895,1
28054945,57:31.0,13,2015-06-23 09:57:31 UTC,-73.9788,40.76678,-73.9862,40.74587,5
34817263,19:37.0,8.5,2010-02-08 12:19:37 UTC,-73.9923,40.73062,-73.9727,40.75822,1
33373870,17:13.0,13.7,2012-08-09 12:17:13 UTC,-73.9849,40.76931,-73.9896,40.73093,1
26412384,07:00.0,8.5,2011-01-16 03:07:00 UTC,-74.0058,40.74046,-73.9804,40.74925,5
40903490,38:24.0,7.5,2015-02-12 09:38:24 UTC,-73.9951,40.7601,-73.9863,40.77214,1
40954688,02:12.0,8.5,2015-05-13 22:02:12 UTC,0,0,0,0,1
12111695,56:00.0,4.9,2010-11-09 06:56:00 UTC,-73.9767,40.75182,-73.9907,40.75092,1
10755511,12:53.0,9.7,2012-05-29 05:12:53 UTC,-74.0084,40.72083,-73.9776,40.75193,1
32244607,06:10.0,12.5,2014-10-09 01:06:10 UTC,-73.9868,40.74775,-73.9914,40.71587,2
9333664,15:00.0,5,2013-05-20 15:15:00 UTC,-73.9771,40.74543,-73.9747,40.75042,6
225698,01:31.0,7.3,2010-06-10 10:01:31 UTC,-73.9749,40.75166,-73.9818,40.73716,1
9734890,44:25.0,37.5,2013-08-14 02:44:25 UTC,-73.9796,40.75737,-73.8631,40.90139,1
29635922,47:00.0,7.7,2009-09-01 10:47:00 UTC,-73.9793,40.74221,-73.9939,40.75152,1
24245545,58:02.0,8.5,2014-12-21 01:58:02 UTC,-73.9964,40.73235,-73.9774,40.74683,2
21975856,03:00.0,5.7,2009-04-07 10:03:00 UTC,-73.9559,40.76737,-73.9676,40.76307,1
20794254,58:00.0,16,2012-11-03 21:58:00 UTC,-73.9811,40.77418,-73.9852,40.72917,1
16292100,40:00.0,37.47,2010-03-12 09:40:00 UTC,-73.8627,40.76898,-73.9861,40.75417,1
8812331,18:00.0,11.7,2009-05-13 19:18:00 UTC,-73.9475,40.77117,-73.9899,40.73697,1
8514361,17:55.0,10.1,2010-03-12 15:17:55 UTC,-73.9826,40.75101,-73.999,40.72287,1
18687720,05:00.0,7.3,2010-01-06 07:05:00 UTC,-74.0036,40.72643,-73.9818,40.75715,5
52657134,10:17.0,49.57,2010-07-04 17:10:17 UTC,-73.787,40.64108,-73.7865,40.64184,1
34811034,32:58.0,4.5,2012-08-05 05:32:58 UTC,-74.0025,40.71987,-73.9941,40.72104,1
44719054,05:15.0,4,2013-01-09 23:05:15 UTC,-73.9832,40.73569,-73.9869,40.73943,1
33779698,22:00.0,19,2014-03-22 12:22:00 UTC,-73.9826,40.77234,-73.955,40.74582,1
18502856,20:27.0,8.5,2010-07-04 20:20:27 UTC,-73.9856,40.7628,-73.9693,40.7979,1
2357473,52:00.0,5,2013-10-20 00:52:00 UTC,-74.0054,40.73948,-74.0027,40.73358,1
186209,57:54.0,6.5,2010-01-14 07:57:54 UTC,-74.0081,40.73894,-73.9878,40.75277,1
12949450,04:25.0,7,2014-01-02 21:04:25 UTC,-73.9951,40.73213,-74.0084,40.73829,1
20235974,12:00.0,7.3,2009-08-07 23:12:00 UTC,-73.9997,40.73835,-73.9921,40.72537,2
313171,18:58.0,17.3,2011-05-01 02:18:58 UTC,-73.9876,40.75827,-74.0078,40.70518,1
26669127,53:00.0,12.1,2010-12-03 18:53:00 UTC,-73.9955,40.74931,-74.0069,40.70803,2
7183988,02:00.0,10.1,2011-12-09 11:02:00 UTC,-73.9867,40.73986,-74.0078,40.75004,1
23697690,11:00.0,19.5,2013-03-20 21:11:00 UTC,-73.989,40.73057,-73.9544,40.79987,1
44483601,27:52.0,5.7,2012-06-01 01:27:52 UTC,-74,40.72723,-73.9998,40.71927,1
31325554,56:49.0,12.9,2009-11-01 07:56:49 UTC,-74.0077,40.72585,-73.9781,40.75202,2
29035005,33:47.0,29.7,2009-10-31 02:33:47 UTC,-73.9823,40.76873,-73.9217,40.66004,1
33486739,09:00.0,5.3,2011-09-28 10:09:00 UTC,-73.9943,40.74094,-73.9842,40.7545,2
11925730,48:19.0,5.5,2014-06-06 10:48:19 UTC,-73.9733,40.75503,-73.979,40.74702,1
12993136,03:00.0,8.1,2011-09-03 01:03:00 UTC,-74.0024,40.7344,-74.0135,40.70707,1
25836171,50:37.0,9.3,2012-08-27 12:50:37 UTC,-73.9744,40.74405,-73.9799,40.76106,1
25180746,28:39.0,5,2013-07-12 21:28:39 UTC,-73.985,40.73231,-73.9754,40.7301,1
16402799,53:47.0,6.5,2013-12-24 17:53:47 UTC,-74.0013,40.76171,-73.988,40.75629,3
11461226,47:28.0,5.3,2010-10-23 20:47:28 UTC,-73.9919,40.75012,-73.988,40.73842,1
22318412,28:00.0,4.9,2010-04-27 21:28:00 UTC,0,0,0,0,5
14855774,58:08.0,5.5,2014-06-21 09:58:08 UTC,-73.9858,40.76288,-73.9797,40.77518,1
37468550,29:34.0,11,2013-09-07 19:29:34 UTC,-73.9697,40.75295,-73.9878,40.73758,3
54857539,36:36.0,21.5,2013-05-11 00:36:36 UTC,-73.9872,40.72923,-73.9114,40.77663,1
18139708,01:00.0,5.5,2012-12-16 11:01:00 UTC,-73.9711,40.75746,-73.9796,40.76267,2
40919692,39:45.0,6.1,2012-07-04 17:39:45 UTC,-73.9602,40.77315,-73.9763,40.75041,1
11216420,39:00.0,10,2013-01-06 10:39:00 UTC,-74.013,40.70643,-73.9946,40.71838,1
38984776,49:00.0,11.7,2012-04-25 20:49:00 UTC,-74.0304,40.80768,-74.0278,40.80681,1
29036403,42:34.0,10.1,2011-05-02 13:42:34 UTC,-73.9999,40.73838,-74.0058,40.70549,1
2819704,29:00.0,6.9,2009-08-15 23:29:00 UTC,-74.0042,40.72227,-73.9961,40.73934,5
4839563,49:00.0,7.5,2013-03-14 08:49:00 UTC,-74.006,40.717,-74.0109,40.70871,1
4272998,25:00.0,8.5,2014-02-06 19:25:00 UTC,-74.0027,40.73386,-73.9933,40.72245,1
51303339,27:07.0,6.5,2011-05-23 19:27:07 UTC,-73.9798,40.76513,-73.962,40.7677,1
44539125,39:00.0,9.3,2011-02-15 06:39:00 UTC,-73.9807,40.74471,-74.01,40.72093,1
43625101,04:01.0,13.5,2013-01-31 22:04:01 UTC,-73.9958,40.73291,-73.9828,40.776,1
43780847,58:00.0,5,2014-03-05 01:58:00 UTC,-74.0042,40.75197,-74.005,40.74148,1
20150348,56:59.0,14.5,2013-04-01 08:56:59 UTC,-73.9595,40.77414,-73.9926,40.74892,1
17693080,14:00.0,4.9,2011-01-10 10:14:00 UTC,-74.0027,40.76064,-74.0027,40.76064,2
41719139,44:06.0,4.9,2010-06-24 12:44:06 UTC,-73.9672,40.8021,-73.9674,40.79289,1
24248177,08:46.0,5.7,2010-05-12 15:08:46 UTC,-73.9768,40.75867,-73.9879,40.74931,1
20407719,32:58.0,3.7,2009-02-19 10:32:58 UTC,-74.0117,40.70466,-74.0058,40.71051,1
2431449,06:43.0,4.9,2009-05-22 13:06:43 UTC,-74.003,40.74924,-73.9894,40.75332,1
879366,32:00.0,4.1,2009-11-08 16:32:00 UTC,-73.9951,40.74482,-74.0028,40.74455,2
31267026,21:01.0,9.5,2012-09-14 08:21:01 UTC,-73.9755,40.74124,-73.9814,40.75914,1
8499221,58:00.0,12.5,2012-08-21 20:58:00 UTC,-74.0105,40.72093,-73.9576,40.71801,1
31627988,55:00.0,4.1,2010-10-12 16:55:00 UTC,-73.9775,40.74644,-73.9785,40.74966,1
54604045,28:00.0,7,2013-03-01 21:28:00 UTC,-74.0068,40.72962,-73.9963,40.7483,1
27195079,54:49.0,8.5,2013-03-23 12:54:49 UTC,-73.9851,40.72742,-73.9955,40.73567,2
30815654,10:56.0,6.9,2011-10-08 15:10:56 UTC,-73.9677,40.77179,-73.9768,40.75977,2
3203369,34:00.0,10.1,2012-01-10 11:34:00 UTC,-73.9653,40.76649,-73.9911,40.75105,2
36444218,09:00.0,8.1,2011-07-13 07:09:00 UTC,-73.9854,40.72356,-73.9791,40.75014,1
41565282,33:45.0,5.3,2012-08-18 18:33:45 UTC,-73.9943,40.72251,-73.9884,40.72346,1
35575575,13:23.0,8.5,2014-06-30 07:13:23 UTC,-73.9546,40.71955,-73.9493,40.72089,1
52094056,24:00.0,10,2013-03-18 14:24:00 UTC,-73.9875,40.74984,-73.9738,40.7503,1
51021598,22:11.0,10.5,2015-04-29 13:22:11 UTC,-73.9827,40.73787,-74.0063,40.72651,1
51006390,22:00.0,7.7,2009-06-19 14:22:00 UTC,-73.9826,40.76674,-73.9905,40.75146,2
5245799,37:00.0,6,2013-05-18 02:37:00 UTC,-74.0083,40.72593,-73.9998,40.72713,1
28827458,34:09.0,33.7,2011-03-31 17:34:09 UTC,-73.9657,40.79198,-73.9764,40.68622,1
33206004,01:00.0,4.5,2009-05-17 13:01:00 UTC,-73.9968,40.74758,-73.9966,40.7581,5
32719412,51:04.0,15.7,2011-11-30 13:51:04 UTC,-73.9973,40.75048,-73.955,40.77182,1
44451784,26:10.0,5.7,2009-12-01 15:26:10 UTC,-73.9643,40.75642,-73.9521,40.77329,1
47501661,07:00.0,6.9,2009-03-13 07:07:00 UTC,-73.9518,40.76917,-73.9692,40.75774,1
37758989,20:35.0,10,2014-01-10 06:20:35 UTC,-74.0004,40.7477,-73.9655,40.75939,1
29352112,54:49.0,16,2015-04-28 22:54:49 UTC,-73.9536,40.76711,-73.9055,40.74378,1
30223209,43:07.0,23.7,2010-02-24 12:43:07 UTC,-73.9627,40.80437,-74.0139,40.7024,3
1204312,18:02.0,25.7,2012-06-03 12:18:02 UTC,-73.8628,40.77091,-73.989,40.68878,1
2511529,54:45.0,8,2014-12-24 05:54:45 UTC,-73.9185,40.74333,-73.9467,40.74944,1
24116460,18:16.0,10.5,2010-01-18 02:18:16 UTC,-74.0057,40.74364,-74.0063,40.70833,2
42607669,58:37.0,5.5,2015-03-30 10:58:37 UTC,-74.0016,40.74094,-74.0057,40.75018,1
36533403,16:21.0,10,2015-03-09 16:16:21 UTC,-73.96,40.78062,-73.9718,40.76593,1
16368093,31:00.0,4.9,2012-08-26 14:31:00 UTC,-73.9819,40.77872,-73.9878,40.77116,3
43988293,13:00.0,18.1,2012-08-03 23:13:00 UTC,-73.9985,40.7471,-73.9679,40.69529,5
34411049,05:00.0,21.5,2013-08-10 03:05:00 UTC,-73.9753,40.7356,-73.974,40.79559,1
54724050,31:38.0,5.7,2010-02-08 22:31:38 UTC,-74.0025,40.7267,-73.994,40.74509,1
31052771,05:00.0,17,2014-05-30 16:05:00 UTC,-74.0134,40.71406,-73.9889,40.75853,3
19083998,42:26.0,16.5,2012-02-28 15:42:26 UTC,-73.875,40.77406,-73.8125,40.71321,1
26849882,21:30.0,6.9,2012-06-20 11:21:30 UTC,-73.9835,40.72628,-73.9826,40.73974,1
50524085,48:01.0,11,2014-09-23 07:48:01 UTC,-73.9894,40.7765,-73.9668,40.76988,1
46980382,12:47.0,9.7,2011-06-17 10:12:47 UTC,-73.9919,40.73117,-73.9923,40.74928,1
31987610,28:57.0,10,2015-05-27 12:28:57 UTC,-73.9586,40.76418,-73.96,40.77926,1
41190950,45:00.0,4.9,2011-01-17 11:45:00 UTC,-73.977,40.79583,-73.9891,40.7956,3
8069435,18:41.0,7.7,2009-08-13 20:18:41 UTC,-73.9924,40.7347,-73.9901,40.75664,1
50548438,52:53.0,7.7,2012-07-12 20:52:53 UTC,-73.9961,40.75846,-73.9998,40.75354,1
15947987,07:58.0,6.1,2010-09-11 08:07:58 UTC,-73.9557,40.76391,-73.9911,40.74245,1
12146482,36:00.0,10.1,2012-07-01 03:36:00 UTC,-73.9869,40.76093,-73.9511,40.78261,5